song_id,song_name,score,song_url,artist_name,artist_id
27434215,This Fffire,100,https://p2.music.126.net/-4dEcHnarTI6K0WyOXVBJQ==/109951167909683216.jpg,Franz Ferdinand,92443
1496086504,Who's Ready for Tomorrow,100,https://p2.music.126.net/tshh9Uwf_ao_YFJMQTnM0Q==/109951165476489856.jpg,RAT BOY,37361576
36492469,Where Did Your Love Go?,100,https://p2.music.126.net/w1h7PdyF3kA5m5hb-4YOeA==/109951166672583590.jpg,Dawid Podsiadlo,14002178
1496089152,I Really Want to Stay At Your House,100,https://p2.music.126.net/tshh9Uwf_ao_YFJMQTnM0Q==/109951165476489856.jpg,Rosa Walton,28096830
1496089151,Major Crimes,100,https://p2.music.126.net/tshh9Uwf_ao_YFJMQTnM0Q==/109951165476489856.jpg,HEALTH,93776
1992691730,Tamaki,100,https://p2.music.126.net/D1SFObel_sAw_KMojvJZqw==/109951167999320860.jpg,RADWIMPS,21132
1378491296,グランドエスケープ (Movie edit),100,https://p2.music.126.net/dRwInA9PpkiKkmNWeUvi0w==/109951164220136544.jpg,三浦透子,32664726
1824020871,One Last Kiss,100,https://p2.music.126.net/l3G4LigZnOxFE9lB4bz_LQ==/109951165791860501.jpg,宇多田ヒカル,18122
1992687959,ドライブ,100,https://p2.music.126.net/D1SFObel_sAw_KMojvJZqw==/109951167999320860.jpg,陣内一真,938076
2034742057,アイドル,100,https://p2.music.126.net/mLJ_pKshFVtboLyD-4nBdA==/109951168573694568.jpg,YOASOBI,33927412
1956137007,夕照,100,https://p2.music.126.net/ivpRitml3_TuaufHlNXaHw==/109951167553391553.jpg,塞壬唱片-MSR,32540734
1891941284,Under Tides,100,https://p2.music.126.net/JUW2i-TUocGhdP9QeiNPVQ==/109951166583673403.jpg,塞壬唱片-MSR,32540734
1396561141,Ready ? ,100,https://p2.music.126.net/4g5YQSscZTrdbsujFejSiA==/109951164423258740.jpg,D.D.D.,33432084
569213220,像我这样的人,100,https://p2.music.126.net/vmCcDvD1H04e9gm97xsCqg==/109951163350929740.jpg,毛不易,12138269
1363948882,世间美好与你环环相扣,100,https://p2.music.126.net/DK1_4sP_339o5rowMdPXdw==/109951164071024476.jpg,柏松,31876221
1330348068,起风了,100,https://p2.music.126.net/diGAyEmpymX8G7JcnElncQ==/109951163699673355.jpg,买辣椒也用券,12085562
1331819951,像鱼,100,https://p2.music.126.net/ejEPGN6ulPSgCBXGq7dgqw==/109951163720047382.jpg,王贰浪,14312549
441491828,水星记,100,https://p2.music.126.net/wSMfGvFzOAYRU_yVIfquAA==/2946691248081599.jpg,郭顶,2843
1979375472,Let You Down,100,https://p2.music.126.net/xYfjj3rwdYinVdDK-GhC6w==/109951167853711417.jpg,Dawid Podsiadlo,14002178
1496086504,Who's Ready for Tomorrow,100,https://p2.music.126.net/tshh9Uwf_ao_YFJMQTnM0Q==/109951165476489856.jpg,RAT BOY,37361576
27434215,This Fffire,100,https://p2.music.126.net/-4dEcHnarTI6K0WyOXVBJQ==/109951167909683216.jpg,Franz Ferdinand,92443
1824020871,One Last Kiss,100,https://p2.music.126.net/l3G4LigZnOxFE9lB4bz_LQ==/109951165791860501.jpg,宇多田ヒカル,18122
1927389937,Bones,100,https://p2.music.126.net/qMyyzj5wO9oa9SfRebt6yA==/109951167137953001.jpg,Imagine Dragons,94779
1996527639,狼之主,100,https://p2.music.126.net/qLStsr2A1c1YgLUvfYsHjg==/109951168041293896.jpg,塞壬唱片-MSR,32540734
1990154664,Running In The Dark,100,https://p1.music.126.net/xxQXfMnMlJyMlydzVsRcag==/109951167974724190.jpg,MONKEY MAJIK,20453
1983463208,大骑士领,100,https://p1.music.126.net/enVITR5j5WOWirjCdJETJg==/109951167898019335.jpg,塞壬唱片-MSR,32540734
1396561141,Ready ? ,100,https://p1.music.126.net/4g5YQSscZTrdbsujFejSiA==/109951164423258740.jpg,D.D.D.,33432084
1984475097,就让这大雨全都落下,100,https://p2.music.126.net/8z_iZXGnImAXLFAFTbu0iw==/109951168296440959.jpg,容祖儿,9269
1997438791,乌梅子酱,100,https://p2.music.126.net/dvBE3I5IYmDTmZq9SyKoRA==/109951168159576909.jpg,李荣浩,4292
2018432856,循迹,100,https://p2.music.126.net/pwBA9COg9G8bUw0GOUlDzQ==/109951168271926504.jpg,王子健,12382128
1951069525,精卫,100,https://p2.music.126.net/jSH_ikeooxveWl0BTc3Xkg==/109951166786983190.jpg,30年前，50年后,32099752
1992688142,東京上空,100,https://p2.music.126.net/D1SFObel_sAw_KMojvJZqw==/109951167999320860.jpg,RADWIMPS,21132
1956137005,斜阳肃穆,100,https://p1.music.126.net/ivpRitml3_TuaufHlNXaHw==/109951167553391553.jpg,塞壬唱片-MSR,32540734
1941653825,Awaken,100,https://p1.music.126.net/J_LGLTmFvojezGdIGTdzeQ==/109951167342625301.jpg,塞壬唱片-MSR,32540734
1990154664,Running In The Dark,100,https://p1.music.126.net/xxQXfMnMlJyMlydzVsRcag==/109951167974724190.jpg,MONKEY MAJIK,20453
1396561141,Ready ? ,100,https://p1.music.126.net/4g5YQSscZTrdbsujFejSiA==/109951164423258740.jpg,D.D.D.,33432084
1409311773,夜に駆ける,100,https://p2.music.126.net/3xWlqwYmfwRFebeiONUpGg==/109951164546210608.jpg,YOASOBI,33927412
657666,残酷な天使のテーゼ,100,https://p1.music.126.net/45hISoQHiPTbPg9oapc7DQ==/109951163549396167.jpg,高橋洋子,17909
1991012773,ギターと孤独と蒼い惑星,100,https://p1.music.126.net/rfstzrVK05hCPjU-4mzSFA==/109951167983448236.jpg,結束バンド,54103171
406347677,英雄,100,https://p1.music.126.net/gG_ymhHbD5gQvoBJ_251Zg==/109951163166089482.jpg,doa,19124
455502615,永世のクレイドル,100,https://p1.music.126.net/XRszD1nA6wE8gCM74EnSuQ==/18690598162274789.jpg,鈴華ゆう子,861613
39227637,Battle Against A True Hero,100,https://p2.music.126.net/mQcab-6L7D-w1lRxmYB7MQ==/109951168015051713.jpg,Toby Fox,1193377
1334780738,il vento d'oro,100,https://p2.music.126.net/-teyfCB0_9ZXq_G73D4wLA==/109951163738606984.jpg,菅野祐悟,14472
1322075993,Tokyovania (Undertronic Remix),100,https://p2.music.126.net/jxZNYQgqRrHnqqZR_Dp5_Q==/109951163639667798.jpg,SharaX,12006337
38392344,Stronger Than You (Sans Parody),100,https://p2.music.126.net/WeiGDqEvT2BBK1J6TyYixA==/3398590444793988.jpg,Steven Universe,12108958
2002662300,Unwelcome school,100,https://p2.music.126.net/j27QnQZ2tx5fGz6FvRVUqA==/109951168632506887.jpg,ミツキヨ,31814084
33911781,secret base ~君がくれたもの~ (10 years after Ver.),100,https://p1.music.126.net/qMg2-kgxvYwMRvABdQJ91Q==/109951166198069948.jpg,茅野愛衣,16906
579954,恋愛サーキュレーション,100,https://p1.music.126.net/wImDxYDsJcWDIH9znDhEPA==/109951165561008752.jpg,花澤香菜,16456
509106775,彼女は旅に出る,100,https://p1.music.126.net/McwYbq8c2e9uugG51Rm-Jg==/109951166222733663.jpg,鎖那,1002089
1472480890,群青,100,https://p1.music.126.net/sF9I_mKMVNtsCD-ZXzfV_A==/109951165251958014.jpg,YOASOBI,33927412
32317208,僕らの手には何もないけど、,100,https://p2.music.126.net/V54SwL143YQcTsV3isnk3g==/109951166202884757.jpg,RAM WIRE,21162
167975,曾经的你,100,https://p2.music.126.net/GoiTB6oG3vQWntnCjKRw0g==/109951163092691594.jpg,许巍,5770
31877467,假如爱有天意 (Live),100,https://p2.music.126.net/DprdNIWpRWYZJak4Q-cS-Q==/2891715582273535.jpg,李健,3695
25706282,夜空中最亮的星,100,https://p2.music.126.net/625-tE8OzdM-rWO37PgqlQ==/109951168111472442.jpg,逃跑计划,12977
38576323,春风十里,100,https://p1.music.126.net/hYjA4Th6CAdkWI_sm32juw==/109951163669459549.jpg,鹿先森乐队,1195028
1842025914,这世界那么多人,100,https://p1.music.126.net/LOTxqRjFm03VJEOHJbUqMw==/109951165944804127.jpg,莫文蔚,8926
489970550,Always in my heart,100,https://p2.music.126.net/PFu_Fb_sYULwkoJ87mHDmA==/19023750184014421.jpg,山田タマル,18248
474574924,DEAREST DROP,100,https://p2.music.126.net/ufmF-1Eg7Q4q4YqrjQNxsg==/19132601835025627.jpg,田所あずさ,976347
490182455,THERE IS A REASON,100,https://p2.music.126.net/b-PrODFKlcGPVqp2p7RPaw==/19023750184014441.jpg,鈴木このみ,17881
534065323,Sincerely,100,https://p2.music.126.net/vDkjhkNurE6T8KzfYyZBCQ==/109951165822303244.jpg,TRUE,896286
600347,Resuscitated Hope,100,https://p2.music.126.net/xK8i-J556GAyhiMnkvVonw==/866415162709461.jpg,コミネリサ,16769
509726840,ステップアップLOVE,100,https://p1.music.126.net/njj3XrzTdS78C5UtbstoIA==/109951163045412621.jpg,Daoko,855508
28563214,This game,100,https://p1.music.126.net/uF0NMJ65yJ1ObUqACx7vLA==/5762540441379423.jpg,鈴木このみ,17881
1414759694,ミスターフィクサー,100,https://p1.music.126.net/z2Bqbqx20jzGv_DzAuWrvQ==/109951165159878267.jpg,Sou,1193225
28018217,サムライハート(Some Like It Hot!!),100,https://p2.music.126.net/swki59wyMp-9B1x_08l97Q==/5704266325029144.jpg,SPYAIR,21503
1378624805,インフェルノ,100,https://p2.music.126.net/mqKEorxl-3pqDZv5dHmXwA==/109951164221348911.jpg,Mrs. GREEN APPLE,1087614
1401307890,变身神曲 attack ON titan（翻自 澤野弘之） ,100,https://p1.music.126.net/cUd-tfLWmQNlWFV9dIWyog==/109951164470794328.jpg,Galaxy盖,12195567
1823870985,"3.变身神曲·改 ətˈæk 0N tάɪtn ＜WMId＞(Av373985965,P3)",100,https://p1.music.126.net/TczKaT2cdsnAtlLrLWemhQ==/109951165768738607.jpg,热爱与坚持,34230515
1822712510,僕の戦争,100,https://p1.music.126.net/ZcQ97pr8vTB1qcvI4QLN4A==/109951165755885281.jpg,神聖かまってちゃん,21462
478731355,心臓を捧げよ!,100,https://p1.music.126.net/M6XMSNQycms3yLIgyT2wUg==/18914898532764436.jpg,Linked Horizon,15258
1910623420,悪魔の子,100,https://p1.music.126.net/y5FVh-73DNy5O2x6-IfNdQ==/109951167763143089.jpg,ヒグチアイ,942124
1984836191,CHAINSAW BLOOD,100,https://p1.music.126.net/EcODkc9K5K-KXo7mOiuSgg==/109951167912656322.jpg,Vaundy,34343313
1318880077,Flamingo,100,https://p1.music.126.net/RG8xwteP2En7d7jEm9ntnw==/109951166521850462.jpg,米津玄師,159300
1824020871,One Last Kiss,100,https://p1.music.126.net/l3G4LigZnOxFE9lB4bz_LQ==/109951165791860501.jpg,宇多田ヒカル,18122
1996323631,あのバンド,100,https://p1.music.126.net/oa0c9pVjoJ5aQU_NqvujuQ==/109951168039412955.jpg,結束バンド,54103171
2003188218,ファイトソング,100,https://p1.music.126.net/8BM28oDT2I__HdD8zcuTzA==/109951168107196447.jpg,Eve,1075075
600349,unity,100,https://p2.music.126.net/xK8i-J556GAyhiMnkvVonw==/866415162709461.jpg,コミネリサ,16769
413961906,STYX HELIX,100,https://p2.music.126.net/zS92B4iboeu50sEkXBeLfA==/1400777824444934.jpg,MYTH & ROID,1137126
490182455,THERE IS A REASON,100,https://p2.music.126.net/b-PrODFKlcGPVqp2p7RPaw==/19023750184014441.jpg,鈴木このみ,17881
29027453,crossing field,100,https://p2.music.126.net/IeeYUbPocXR3usFevNnxDA==/109951168626391156.jpg,LiSA,16995
27876224,God knows...,100,https://p2.music.126.net/LTEcJoeajuhP5C2BtbGhtA==/109951165822358136.jpg,平野綾,16400
1936324213,March On!,100,https://p1.music.126.net/hnRTuaSc0xz8dvhovKzC0A==/109951167263239294.jpg,塞壬唱片-MSR,32540734
1888874634,Proof of being alive,100,https://p1.music.126.net/9emGUe8FvTuctnrCPcwAaQ==/109951166547327972.jpg,倉木麻衣,161545
1496086504,Who's Ready for Tomorrow,100,https://p1.music.126.net/tshh9Uwf_ao_YFJMQTnM0Q==/109951165476489856.jpg,RAT BOY,37361576
1979375472,Let You Down,100,https://p1.music.126.net/xYfjj3rwdYinVdDK-GhC6w==/109951167853711417.jpg,Dawid Podsiadlo,14002178
1496089152,I Really Want to Stay At Your House,100,https://p1.music.126.net/tshh9Uwf_ao_YFJMQTnM0Q==/109951165476489856.jpg,Rosa Walton,28096830
1496089151,Major Crimes,100,https://p1.music.126.net/tshh9Uwf_ao_YFJMQTnM0Q==/109951165476489856.jpg,HEALTH,93776
1496089176,Friday Night Fire Fight,100,https://p1.music.126.net/fwij8I4SGoRqZC26-bzGbQ==/109951165476493132.jpg,Aligns,31399038
1927441611,Eternal Flame,100,https://p2.music.126.net/0ntLjj3wf6Ec1GB97iBNvA==/109951167138672199.jpg,塞壬唱片-MSR,32540734
1888874634,Proof of being alive,100,https://p2.music.126.net/9emGUe8FvTuctnrCPcwAaQ==/109951166547327972.jpg,倉木麻衣,161545
1409311773,夜に駆ける,100,https://p2.music.126.net/3xWlqwYmfwRFebeiONUpGg==/109951164546210608.jpg,YOASOBI,33927412
1486106274,春を告げる,100,https://p2.music.126.net/_JfzHy2FnCK5_-OUMWh5Vg==/109951166635875996.jpg,yama,35796201
1357953768,だから僕は音楽を辞めた,100,https://p2.music.126.net/ks136mj7FcZXgZ8IF-cpSA==/109951163986681435.jpg,ヨルシカ,12390232
1991012773,ギターと孤独と蒼い惑星,100,https://p2.music.126.net/rfstzrVK05hCPjU-4mzSFA==/109951167983448236.jpg,結束バンド,54103171
1484409732,廻廻奇譚,100,https://p2.music.126.net/6fS7bvNGP2Nu2zgyusABZQ==/109951165484066989.jpg,Eve,1075075
1985642223,Stainless Heart,100,https://p2.music.126.net/nrzwChPSbzIUhpixYSqwqQ==/109951167919936806.jpg,塞壬唱片-MSR,32540734
1888874634,Proof of being alive,100,https://p2.music.126.net/9emGUe8FvTuctnrCPcwAaQ==/109951166547327972.jpg,倉木麻衣,161545
1956137649,急行,100,https://p1.music.126.net/ivpRitml3_TuaufHlNXaHw==/109951167553391553.jpg,塞壬唱片-MSR,32540734
1951992828,征兆,100,https://p1.music.126.net/9wDVGtg38l_Ouh9hImSj8Q==/109951167493912889.jpg,塞壬唱片-MSR,32540734
409650851,霜雪千年（Cover 洛天依 / 乐正绫）,100,https://p2.music.126.net/MlJ3IKOYOGJyrHtCTuLrqg==/18198016951567518.jpg,双笙（陈元汐）,12025552
460075883,万神纪（Cover 星尘 / 肥皂菌|海鲜面）,100,https://p2.music.126.net/jMu6AAEFHQeg0wHSuWK5iQ==/109951162920302240.jpg,三无MarBlue,1056002
430053202,四重罪孽,100,https://p2.music.126.net/NbBSu6EjFWTX1yvTTF2Sjg==/17699938184287815.jpg,易世樊花,12077190
459555084,万神纪（人声本家·正式版）,100,https://p2.music.126.net/tsblPkRCH7Au_qtFHRHuYw==/109951162859334048.jpg,肥皂菌丨珉珉的猫咪丨,12039128
409654891,故梦（Cover 橙翼）,100,https://p2.music.126.net/7qeGDUfn8k59AUrzjPfJ4g==/109951168638984216.jpg,双笙（陈元汐）,0
413961906,STYX HELIX,100,https://p2.music.126.net/zS92B4iboeu50sEkXBeLfA==/1400777824444934.jpg,MYTH & ROID,1137126
536623501,Ref:rain,100,https://p2.music.126.net/wAxnnUZnkN7Soqf7nhjThQ==/109951166663296887.jpg,Aimer,16152
725692,Only My Railgun,100,https://p2.music.126.net/pviFxK7sGSdu3xmWRt9Lgw==/109951166296227310.jpg,fripSide,19395
29017078,unravel,100,https://p2.music.126.net/9dRhDO4gjN0_KgTjPafIrw==/109951163316078250.jpg,TK from 凛として時雨,159644
534065323,Sincerely,100,https://p2.music.126.net/vDkjhkNurE6T8KzfYyZBCQ==/109951165822303244.jpg,TRUE,896286
1994485658,Go My Way,100,https://p1.music.126.net/nfJtWHETPYh6T9V50XLciA==/109951168021085373.jpg,塞壬唱片-MSR,32540734
1330348068,起风了,100,https://p2.music.126.net/diGAyEmpymX8G7JcnElncQ==/109951163699673355.jpg,买辣椒也用券,12085562
30612793,多远都要在一起,100,https://p2.music.126.net/kVwk6b8Qdya8oDyGDcyAVA==/1364493930777368.jpg,G.E.M.邓紫棋,7763
441491828,水星记,100,https://p2.music.126.net/wSMfGvFzOAYRU_yVIfquAA==/2946691248081599.jpg,郭顶,2843
488249475,哪里都是你,100,https://p1.music.126.net/lnOnBbP_H-052Hv5ls-QjA==/109951162964628408.jpg,队长,1143033
1368754688,爱人错过,100,https://p1.music.126.net/5JLQMl8xASllDubCWb9WHw==/109951164111703663.jpg,告五人,12676697
27969835,Mirror Mirror (White Trailer) [feat. Casey Lee Williams],100,https://p1.music.126.net/HMXo6r-nJafyMv5882OB0A==/109951164852406275.jpg,Jeff Williams,321058
27969837,I Burn (Yellow Trailer) [feat. Casey Lee Williams],100,https://p1.music.126.net/HMXo6r-nJafyMv5882OB0A==/109951164852406275.jpg,Casey Lee Williams,1038357
1983527215,青春コンプレックス,100,https://p2.music.126.net/VXqVAs8P4ko7j7ft94KUiw==/109951167898699349.jpg,結束バンド,54103171
1956534872,花の塔,100,https://p2.music.126.net/fS_5RbP_4qg-RYreqp2tGg==/109951167558017839.jpg,さユり,1116297
1983292457,祝福,100,https://p2.music.126.net/PhuYCfPgOIObvWsLy5Aznw==/109951167902770123.jpg,YOASOBI,33927412
1996929972,可愛くてごめん,100,https://p2.music.126.net/KKSGkw5ysUBLjwTY0FNmJg==/109951168045166620.jpg,HoneyWorks,19859
1990571322,残機,100,https://p2.music.126.net/q7QS9ze9wXNXpUy2BscBPg==/109951167979033519.jpg,ずっと真夜中でいいのに。,15021101
1951993684,第■幕,100,https://p2.music.126.net/9wDVGtg38l_Ouh9hImSj8Q==/109951167493912889.jpg,塞壬唱片-MSR,32540734
1832396783,Operation Pyrite,100,https://p2.music.126.net/o2KCyPb069BHEmCTNX2YoA==/109951165832649734.jpg,塞壬唱片-MSR,32540734
1990154664,Running In The Dark,100,https://p2.music.126.net/xxQXfMnMlJyMlydzVsRcag==/109951167974724190.jpg,MONKEY MAJIK,20453
1396561141,Ready ? ,100,https://p2.music.126.net/4g5YQSscZTrdbsujFejSiA==/109951164423258740.jpg,D.D.D.,33432084
1840309229,INFECTED,100,https://p2.music.126.net/sXkaRR8w63mf4ZqXUZEoUA==/109951166150017723.jpg,STARSET,887066
30431351,Hill Of Sorrow,100,https://p1.music.126.net/nMSL_ecOCleL4e2LjgfvDQ==/7721870161993397.jpg,mpi,12475614
34613438,BRE@TH//LESS,100,https://p1.music.126.net/52sVINEmc_3J0IZHI98-CQ==/3286440256131274.jpg,小林未郁,16823
34478647,aLIEz,100,https://p1.music.126.net/XkQ8DECoWhsbULisbJ0J6w==/109951166417230374.jpg,瑞葵(mizuki),981205
825343,My Dearest,100,https://p1.music.126.net/u78AmmcaZCO3sKbafA_Gpw==/109951166200230737.jpg,supercell,21397
28563214,This game,100,https://p1.music.126.net/uF0NMJ65yJ1ObUqACx7vLA==/5762540441379423.jpg,鈴木このみ,17881
27552690,まどろみの約束,100,https://p1.music.126.net/Rga1eDFICLsyvGqiVDp-oA==/109951163363908304.jpg,佐藤聡美,17772
608129,未完成ストライド,100,https://p1.music.126.net/hW8Rsl6j6U-SlNfhm9BesQ==/109951163363901947.jpg,こだまさおり,16984
27901389,境界の彼方,100,https://p1.music.126.net/LIGZyLLEo8sb9jsyTRtZtw==/1274333976690642.jpg,茅原実里,17596
34077763,灼け落ちない翼,100,https://p1.music.126.net/BhWL_WN9jQRNWEdTUmmWXQ==/7901090558399010.jpg,多田葵,18009
35345760,朝焼けのスターマイン -Anime Ver.-,100,https://p1.music.126.net/UrHFbNNr1e96Z9EWTQPX7w==/2912606303912879.jpg,今井麻美,16296
2010229009,今夕何夕,100,https://p1.music.126.net/eJ1eP0McPJcD5U7EU6KDyg==/109951168187635253.jpg,塞壬唱片-MSR,32540734
2008457037,火与灰,100,https://p1.music.126.net/P09q02YiHO2-H1F5Qyj-Ug==/109951168165131847.jpg,塞壬唱片-MSR,32540734
1919555683,なんでもないや,100,https://p2.music.126.net/HbzqeSk4GfC8kBZFNlf6TQ==/109951167039817572.jpg,旅人,46961206
851542,Out In The Street,5,https://p2.music.126.net/ruCLzpxnPRrvADgEcRGzKw==/109951166455915915.jpg,THE CIGAVETTES,22017
2003989982,ドライフラワー（Mai cover）,5,https://p1.music.126.net/C-oSy9nV4aCVYRgcyvQB0g==/109951168115468493.jpg,风早p,37001317
16468467,Richard - Mister Gravity,5,https://p1.music.126.net/F-vGn2ZKVEiVjxJtu4k3Zg==/109951163310733524.jpg,Anderson,102466
1887660818,スパークル - RADWIMPS (monogataru cover),5,https://p1.music.126.net/3iBvpN_amMnwkQnarHkVMw==/109951166527745776.jpg,monogataru,46510817
1951992820,猩红孤钻,100,https://p1.music.126.net/9wDVGtg38l_Ouh9hImSj8Q==/109951167493912889.jpg,塞壬唱片-MSR,32540734
1991006615,錠剤,100,https://p1.music.126.net/xs-2mK9iepF4tUdD6XSgLw==/109951167983452151.jpg,TOOBOE,37057389
1992037877,刃渡り2億センチ (TV edit),100,https://p1.music.126.net/7xbkY0TKCxJ0b9mImT2gLA==/109951167996438459.jpg,マキシマムザホルモン,20464
1996318567,ちゅ、多様性。,100,https://p1.music.126.net/0ToCqcspjWunpF9FTvTobQ==/109951168039413401.jpg,ano,34827796
1990571322,残機,100,https://p1.music.126.net/q7QS9ze9wXNXpUy2BscBPg==/109951167979033519.jpg,ずっと真夜中でいいのに。,15021101
1983527215,青春コンプレックス,100,https://p1.music.126.net/VXqVAs8P4ko7j7ft94KUiw==/109951167898699349.jpg,結束バンド,54103171
1353163404,Devil Trigger,100,https://p2.music.126.net/NhZGQ2CoA5sf-o3fOTs-Ng==/109951163940415205.jpg,Ali Edwards,30768974
26131227,It Has To Be This Way (Platinum Mix),100,https://p2.music.126.net/KEEV4iLEJyu2k4jozKEWHg==/2498090418331921.jpg,Jamie Christopherson,36799
1353164051,Subhuman,100,https://p2.music.126.net/NhZGQ2CoA5sf-o3fOTs-Ng==/109951163940415205.jpg,Cody Matthew Johnson,31714397
1353164043,Silver Bullet,100,https://p2.music.126.net/NhZGQ2CoA5sf-o3fOTs-Ng==/109951163940415205.jpg,Casey Edwards,30768198
1353164045,Crimson Cloud,100,https://p2.music.126.net/NhZGQ2CoA5sf-o3fOTs-Ng==/109951163940415205.jpg,Rachel Fannan,13295673
1492283138,Chasing the Torrents 激流逐浪,100,https://p2.music.126.net/yoRaxBY77koSqhjh52g-DA==/109951165434255510.jpg,陈致逸,963431
1992141905,Sumeru 须弥,100,https://p2.music.126.net/mi40R92CSJ6zeroCvLxQQA==/109951167997564898.jpg,HOYO-MiX,12487174
1854474192,あいつら全員同窓会,100,https://p1.music.126.net/5kIcYrMgdjhPb4Lsf71hvA==/109951166099784628.jpg,ずっと真夜中でいいのに。,15021101
1991006615,錠剤,100,https://p1.music.126.net/xs-2mK9iepF4tUdD6XSgLw==/109951167983452151.jpg,TOOBOE,37057389
1992037877,刃渡り2億センチ (TV edit),100,https://p1.music.126.net/7xbkY0TKCxJ0b9mImT2gLA==/109951167996438459.jpg,マキシマムザホルモン,20464
1994797255,大脳的なランデブー,100,https://p1.music.126.net/cWN6es5qTXD-YJX61E-tiA==/109951168023888322.jpg,kanaria,46326089
1996318567,ちゅ、多様性。,100,https://p1.music.126.net/0ToCqcspjWunpF9FTvTobQ==/109951168039413401.jpg,ano,34827796
1855194364,Keep the torch,100,https://p2.music.126.net/Sij0cWo4wQSBdCwFn5ClwQ==/109951166109371785.jpg,塞壬唱片-MSR,32540734
28563317,阴天快乐,100,https://p2.music.126.net/itkdsMFR8nYzaTiDdHO3tA==/109951165995320408.jpg,陈奕迅,2116
1974443814,我记得,100,https://p1.music.126.net/FCWD6ibS2JK2B3QAnXuzwQ==/109951167805892385.jpg,赵雷,6731
1807799505,唯一,100,https://p1.music.126.net/5URIeP6GjMFg_hKhGloNTA==/109951165585701063.jpg,告五人,12676697
441491828,水星记,100,https://p1.music.126.net/wSMfGvFzOAYRU_yVIfquAA==/2946691248081599.jpg,郭顶,2843
255589,灰姑娘,100,https://p1.music.126.net/OD5mxXU1eRYPfOCOkuYvRg==/109951165529533415.jpg,梁咏琪,8329
1890404817,Field in the Light,100,https://p2.music.126.net/4jZ9B5Lz0mp6CAsFJ2AyZg==/109951166563298880.jpg,塞壬唱片-MSR,32540734
1888874634,Proof of being alive,100,https://p2.music.126.net/9emGUe8FvTuctnrCPcwAaQ==/109951166547327972.jpg,倉木麻衣,161545
1832392174,Operation Blade ,100,https://p2.music.126.net/o2KCyPb069BHEmCTNX2YoA==/109951165832649734.jpg,塞壬唱片-MSR,32540734
1990154664,Running In The Dark,100,https://p2.music.126.net/xxQXfMnMlJyMlydzVsRcag==/109951167974724190.jpg,MONKEY MAJIK,20453
1396561141,Ready ? ,100,https://p2.music.126.net/4g5YQSscZTrdbsujFejSiA==/109951164423258740.jpg,D.D.D.,33432084
1840309229,INFECTED,100,https://p1.music.126.net/sXkaRR8w63mf4ZqXUZEoUA==/109951166150017723.jpg,STARSET,887066
2021363062,潜在危机,100,https://p1.music.126.net/2JPa2rVO4WKN0YqZtJW_2g==/109951168299109065.jpg,塞壬唱片-MSR,32540734
1990154664,Running In The Dark,100,https://p1.music.126.net/xxQXfMnMlJyMlydzVsRcag==/109951167974724190.jpg,MONKEY MAJIK,20453
1409311773,夜に駆ける,100,https://p2.music.126.net/3xWlqwYmfwRFebeiONUpGg==/109951164546210608.jpg,YOASOBI,33927412
1410647903,带我去找夜生活,100,https://p2.music.126.net/lmCtt6-3fOPSdA1uwGCY5Q==/109951164567402626.jpg,告五人,12676697
496869422,打上花火,100,https://p2.music.126.net/ZUCE_1Tl_hkbtamKmSNXEg==/109951163009282836.jpg,Daoko,855508
30612793,多远都要在一起,100,https://p2.music.126.net/kVwk6b8Qdya8oDyGDcyAVA==/1364493930777368.jpg,G.E.M.邓紫棋,7763
1922888354,苦茶子,100,https://p2.music.126.net/VjXYNoGC3lXajZDs0r35XQ==/109951167852652412.jpg,Starling8,36772893
548103069,踏み出す一歩が僕になる,100,https://p1.music.126.net/ZphnJtvG5I4NZEXRY4Cw8A==/109951163209809099.jpg,井上苑子,725425
33911781,secret base ~君がくれたもの~ (10 years after Ver.),100,https://p1.music.126.net/qMg2-kgxvYwMRvABdQJ91Q==/109951166198069948.jpg,茅野愛衣,16906
29732992,光るなら,100,https://p1.music.126.net/w1pQ83qhoVMJ_eMpRyoAtA==/109951166200199773.jpg,Goose house,19618
29769437,キラメキ-公生とかをりの演奏ver.-,100,https://p1.music.126.net/kQqkFAqZwOLTLKYDvupdRg==/3233663698631203.jpg,wacci,22367
426881487,前前前世 (movie ver.),100,https://p1.music.126.net/sSxbRt9RpC6s_MaewyDJfA==/18597139672292692.jpg,RADWIMPS,21132
426881480,夢灯籠,100,https://p1.music.126.net/sSxbRt9RpC6s_MaewyDJfA==/18597139672292692.jpg,RADWIMPS,21132
33911781,secret base ~君がくれたもの~ (10 years after Ver.),100,https://p2.music.126.net/qMg2-kgxvYwMRvABdQJ91Q==/109951166198069948.jpg,茅野愛衣,16906
496869422,打上花火,100,https://p2.music.126.net/ZUCE_1Tl_hkbtamKmSNXEg==/109951163009282836.jpg,Daoko,855508
29732992,光るなら,100,https://p2.music.126.net/w1pQ83qhoVMJ_eMpRyoAtA==/109951166200199773.jpg,Goose house,19618
1378491293,祝祭 (Movie edit),100,https://p2.music.126.net/dRwInA9PpkiKkmNWeUvi0w==/109951164220136544.jpg,三浦透子,32664726
33911781,secret base ~君がくれたもの~ (10 years after Ver.),100,https://p1.music.126.net/qMg2-kgxvYwMRvABdQJ91Q==/109951166198069948.jpg,茅野愛衣,16906
32317208,僕らの手には何もないけど、,100,https://p1.music.126.net/V54SwL143YQcTsV3isnk3g==/109951166202884757.jpg,RAM WIRE,21162
496869422,打上花火,100,https://p1.music.126.net/ZUCE_1Tl_hkbtamKmSNXEg==/109951163009282836.jpg,Daoko,855508
1360592706,紅蓮華,100,https://p1.music.126.net/90cd-XI5j0XlCSA4anuJMA==/109951166199033558.jpg,LiSA,16995
426881487,前前前世 (movie ver.),100,https://p1.music.126.net/sSxbRt9RpC6s_MaewyDJfA==/18597139672292692.jpg,RADWIMPS,21132
2045421488,Rhine Lab.LLC,100,https://p1.music.126.net/HLn0Ff7TW7xJ_JwzAHDPeg==/109951168595331469.jpg,塞壬唱片-MSR,32540734
2041951911,我的生活,100,https://p1.music.126.net/K7DDMZap7b6kPZKOCUlAzQ==/109951168566819985.jpg,塞壬唱片-MSR,32540734
2045421460,特里蒙的天空,100,https://p2.music.126.net/HLn0Ff7TW7xJ_JwzAHDPeg==/109951168595331469.jpg,塞壬唱片-MSR,32540734
2036809547,SAY MY NAME,100,https://p2.music.126.net/AtAQp5otTEpV2g3ZqDwxMg==/109951168526909690.jpg,Melo,29304235
2045426723,Ad astra,100,https://p1.music.126.net/HLn0Ff7TW7xJ_JwzAHDPeg==/109951168595331469.jpg,塞壬唱片-MSR,32540734
1990154664,Running In The Dark,100,https://p1.music.126.net/xxQXfMnMlJyMlydzVsRcag==/109951167974724190.jpg,MONKEY MAJIK,20453
2045421500,Control's Wishes,100,https://p2.music.126.net/HLn0Ff7TW7xJ_JwzAHDPeg==/109951168595331469.jpg,塞壬唱片-MSR,32540734
1990154664,Running In The Dark,100,https://p2.music.126.net/xxQXfMnMlJyMlydzVsRcag==/109951167974724190.jpg,MONKEY MAJIK,20453
2041948604,霓虹塔下,100,https://p1.music.126.net/NlvhIJ-RXEsBpkFQ5ZH4Jw==/109951168566830345.jpg,塞壬唱片-MSR,32540734
2041818713,乌萨斯的影月,100,https://p1.music.126.net/o9bj_RkaQ0FT5Gp9Ybtibw==/109951168565453980.jpg,塞壬唱片-MSR,32540734
2041814115,走过漫漫时空,100,https://p1.music.126.net/o9bj_RkaQ0FT5Gp9Ybtibw==/109951168565453980.jpg,塞壬唱片-MSR,32540734
569213220,像我这样的人,100,https://p2.music.126.net/vmCcDvD1H04e9gm97xsCqg==/109951163350929740.jpg,毛不易,12138269
1330348068,起风了,100,https://p1.music.126.net/diGAyEmpymX8G7JcnElncQ==/109951163699673355.jpg,买辣椒也用券,12085562
1363948882,世间美好与你环环相扣,100,https://p1.music.126.net/DK1_4sP_339o5rowMdPXdw==/109951164071024476.jpg,柏松,31876221
436514312,成都,100,https://p1.music.126.net/34YW1QtKxJ_3YnX9ZzKhzw==/2946691234868155.jpg,赵雷,6731
31445772,理想三旬,100,https://p1.music.126.net/ryk8Gu64rOhlYn0pc2Q8Ww==/109951168090271827.jpg,陈鸿宇,1058228
2045426691,Bubble,100,https://p1.music.126.net/HLn0Ff7TW7xJ_JwzAHDPeg==/109951168595331469.jpg,塞壬唱片-MSR,32540734
2014222174,度关山,100,https://p2.music.126.net/SmfP-DEAadpPjtcDt_DfMA==/109951168231895699.jpg,塞壬唱片-MSR,32540734
2014221233,挽流云,100,https://p1.music.126.net/SmfP-DEAadpPjtcDt_DfMA==/109951168231895699.jpg,塞壬唱片-MSR,32540734
2018764422,恋音と雨空,5,https://p1.music.126.net/q3V-wfvyRh7IIl7o9RNMEg==/109951168274875480.jpg,AAA,18354
1981071048,群青（cover YOASOBI）,18,https://p1.music.126.net/sz3E_V4OjSmGJpkEXEF34w==/109951167874503847.jpg,含枝,53284199
1984113345,花之塔,66,https://p1.music.126.net/DLLl-n8omCCixU29n7zh5Q==/109951167904874113.jpg,Ices,46956852
486194214,God of ink <MODv>,100,https://p2.music.126.net/XBm3of7TpEhg944Z-dcCuQ==/18615831371839325.jpg,mpi,12475614
486194215,BRAVE THE OCEAN <MODv>,100,https://p2.music.126.net/XBm3of7TpEhg944Z-dcCuQ==/18615831371839325.jpg,Eliana (エリアンナ),12474646
484056480,Layers,100,https://p2.music.126.net/eQOijUIMx1yTA6jdg3oHKw==/109951166197969633.jpg,Aimee Blackschleger,225847
484056475,rE:CRe@T0RS,100,https://p2.music.126.net/eQOijUIMx1yTA6jdg3oHKw==/109951166197969633.jpg,澤野弘之,15290
482999012,gravityWall,100,https://p2.music.126.net/yOJLzc_5BYWjYIiRn7BhcQ==/109951166200231837.jpg,Tielle,12629228
486194214,God of ink <MODv>,100,https://p2.music.126.net/XBm3of7TpEhg944Z-dcCuQ==/18615831371839325.jpg,mpi,12475614
486188317,Layers <MODv>,100,https://p2.music.126.net/XBm3of7TpEhg944Z-dcCuQ==/18615831371839325.jpg,Aimee Blackschleger,225847
484056482,BRAVE THE OCEAN,100,https://p1.music.126.net/eQOijUIMx1yTA6jdg3oHKw==/109951166197969633.jpg,Eliana (エリアンナ),12474646
484056476,HERE I AM,100,https://p1.music.126.net/eQOijUIMx1yTA6jdg3oHKw==/109951166197969633.jpg,R!N/Gemie,12531080
517571211,Jihad -Floor Remix-,37,https://p1.music.126.net/1NBmzgWjxCBSB4va0CtUOw==/109951163058369226.jpg,KOTOKO,16691
1996527639,狼之主,100,https://p2.music.126.net/qLStsr2A1c1YgLUvfYsHjg==/109951168041293896.jpg,塞壬唱片-MSR,32540734
1990154664,Running In The Dark,100,https://p2.music.126.net/xxQXfMnMlJyMlydzVsRcag==/109951167974724190.jpg,MONKEY MAJIK,20453
385554,我不愿让你一个人,100,https://p2.music.126.net/XfnZ4gol6GP2cEERPW5uaA==/109951168162296454.jpg,五月天,13193
2019573476,达尔文,100,https://p2.music.126.net/4x-65bnidSKyEMDBmGtn8g==/109951168466764238.jpg,林俊杰,3684
1984475097,就让这大雨全都落下,100,https://p2.music.126.net/8z_iZXGnImAXLFAFTbu0iw==/109951168296440959.jpg,容祖儿,9269
1974443814,我记得,100,https://p1.music.126.net/FCWD6ibS2JK2B3QAnXuzwQ==/109951167805892385.jpg,赵雷,6731
1807799505,唯一,100,https://p1.music.126.net/5URIeP6GjMFg_hKhGloNTA==/109951165585701063.jpg,告五人,12676697
2014222174,度关山,100,https://p2.music.126.net/SmfP-DEAadpPjtcDt_DfMA==/109951168231895699.jpg,塞壬唱片-MSR,32540734
2014221213,访孤城,100,https://p1.music.126.net/SmfP-DEAadpPjtcDt_DfMA==/109951168231895699.jpg,塞壬唱片-MSR,32540734
1836580262,爱人错过,100,https://p1.music.126.net/mNOGo_XbqlVOQTJ-o90IKw==/109951165735432517.jpg,陈小曦,46636049
1856237291,囍,100,https://p1.music.126.net/_Xqt4xAup2JCoOcF7q5oTQ==/109951166089563986.jpg,东阁,28867301
1462201123,恋爱告急,100,https://p1.music.126.net/vhn5RIb9gQIW_mwZUaZadw==/109951164702773872.jpg,念七,30949477
1947679508,耍把戏,100,https://p1.music.126.net/WTHcG785CE8t-ighWJINxA==/109951167419027546.jpg,玉中 believe,52054915
496869422,打上花火,100,https://p1.music.126.net/ZUCE_1Tl_hkbtamKmSNXEg==/109951163009282836.jpg,Daoko,855508
1945307652,蔓延,100,https://p1.music.126.net/Ke_sAbeUJBmtWW3X4Cs4oQ==/109951167386669561.jpg,塞壬唱片-MSR,32540734
1960301055,Magic Theorem,100,https://p2.music.126.net/-UNzK-ru9FOLBajSGAwoyw==/109951167606480882.jpg,塞壬唱片-MSR,32540734
1990154664,Running In The Dark,100,https://p2.music.126.net/xxQXfMnMlJyMlydzVsRcag==/109951167974724190.jpg,MONKEY MAJIK,20453
1396561141,Ready ? ,100,https://p2.music.126.net/4g5YQSscZTrdbsujFejSiA==/109951164423258740.jpg,D.D.D.,33432084
1357953768,だから僕は音楽を辞めた,100,https://p2.music.126.net/ks136mj7FcZXgZ8IF-cpSA==/109951163986681435.jpg,ヨルシカ,12390232
1338355334,狂おしいほど僕には美しい,100,https://p2.music.126.net/X_reQPNq81YRL-JMYytHpg==/109951166531763892.jpg,majiko,191316
1399849876,不可解,100,https://p2.music.126.net/bql6msFGCTQPFaMiUGoSOw==/109951168567598204.jpg,花譜,32062601
1389428653,她曾活着啊（生きていたんだよな）,100,https://p2.music.126.net/hpeHmirKQQyw3qWaD6XbzQ==/109951164349232307.jpg,宫野栞,30549030
459159130,天ノ弱,100,https://p2.music.126.net/9-63E7zsSo6JABfuBn1FGg==/18740076185593225.jpg,+α/あるふぁきゅん。,1050587
421423806,小半,100,https://p1.music.126.net/HQxTggMCB7AHUXN-ZFEtmA==/1371091013186741.jpg,陈粒,1007170
441491828,水星记,100,https://p1.music.126.net/wSMfGvFzOAYRU_yVIfquAA==/2946691248081599.jpg,郭顶,2843
31445554,七月上,100,https://p1.music.126.net/uxyYBS5jhmi_DN4xDYy3eg==/7872503255697381.jpg,Jam,1071031
28059417,他不懂,100,https://p1.music.126.net/mW53BkMgGy37I7yVrUg-aQ==/109951163117902077.jpg,张杰,6472
554241732,我的名字,100,https://p1.music.126.net/Ppzb5LV4l9R-yki1BQQB0A==/109951166267072680.jpg,焦迈奇,12084229
32102075,scaPEGoat（TV size）,100,https://p2.music.126.net/52iQ-24UzB5ZPlxrPeEMtg==/109951167842345989.jpg,Yosh,12531093
26124891,α≠a,100,https://p2.music.126.net/3eWnBgdG-gQKeAfDthR4wQ==/2459607511359996.jpg,小林未郁,16823
30431342,&Z,100,https://p2.music.126.net/ozbvqmDIUpNapYtXvStIWw==/109951167842387525.jpg,瑞葵(mizuki),981205
33252546,X.U (TV size),100,https://p2.music.126.net/6VEWAtddcLu_tSgmQGllTA==/7938473953818592.jpg,R!N/Gemie,12531080
33638366,Nobody,100,https://p2.music.126.net/VEe_B6f6GGpOmnF9Q8vNDw==/3296335860202266.jpg,Another Story,840290
2045426699,群星见我,100,https://p2.music.126.net/HLn0Ff7TW7xJ_JwzAHDPeg==/109951168595331469.jpg,塞壬唱片-MSR,32540734
2045421488,Rhine Lab.LLC,100,https://p1.music.126.net/HLn0Ff7TW7xJ_JwzAHDPeg==/109951168595331469.jpg,塞壬唱片-MSR,32540734
2045421488,Rhine Lab.LLC,100,https://p1.music.126.net/HLn0Ff7TW7xJ_JwzAHDPeg==/109951168595331469.jpg,塞壬唱片-MSR,32540734
2045426699,群星见我,100,https://p1.music.126.net/HLn0Ff7TW7xJ_JwzAHDPeg==/109951168595331469.jpg,塞壬唱片-MSR,32540734
2036809581,大别墅,100,https://p1.music.126.net/AtAQp5otTEpV2g3ZqDwxMg==/109951168526909690.jpg,Melo,29304235
2045421488,Rhine Lab.LLC,100,https://p1.music.126.net/HLn0Ff7TW7xJ_JwzAHDPeg==/109951168595331469.jpg,塞壬唱片-MSR,32540734
2041948600,红松的骑士,100,https://p2.music.126.net/NlvhIJ-RXEsBpkFQ5ZH4Jw==/109951168566830345.jpg,塞壬唱片-MSR,32540734
2041951911,我的生活,100,https://p2.music.126.net/K7DDMZap7b6kPZKOCUlAzQ==/109951168566819985.jpg,塞壬唱片-MSR,32540734
2037097446,常态,100,https://p2.music.126.net/uPbYPvLxfvpfI65Qief_uw==/109951168529048502.jpg,王樾安,33577483
2040620183,Family,100,https://p2.music.126.net/rqOPgKwb6Al5YmsoI8DgPw==/109951168555213077.jpg,MISTERK,12256230
2041806814,破笼,100,https://p2.music.126.net/cmCqZiABLNjDB0TiMCLkTw==/109951168565342123.jpg,塞壬唱片-MSR,32540734
2041711094,异乡,100,https://p1.music.126.net/zGNOQeveANG8D6Q7QzU07w==/109951168564396312.jpg,塞壬唱片-MSR,32540734
2041709545,故土,100,https://p2.music.126.net/zGNOQeveANG8D6Q7QzU07w==/109951168564396312.jpg,塞壬唱片-MSR,32540734
2034455974,跌坠海渊,100,https://p2.music.126.net/Nv9xBBbsAUuX1FQrD6DyYQ==/109951168504490475.jpg,塞壬唱片-MSR,32540734
2034455975,沉溺浅洋,100,https://p1.music.126.net/Nv9xBBbsAUuX1FQrD6DyYQ==/109951168504490475.jpg,塞壬唱片-MSR,32540734
2034455974,跌坠海渊,100,https://p2.music.126.net/Nv9xBBbsAUuX1FQrD6DyYQ==/109951168504490475.jpg,塞壬唱片-MSR,32540734
2034454222,旅者征服者,100,https://p1.music.126.net/Nv9xBBbsAUuX1FQrD6DyYQ==/109951168504490475.jpg,塞壬唱片-MSR,32540734
2034455987,倾听,100,https://p1.music.126.net/Nv9xBBbsAUuX1FQrD6DyYQ==/109951168504490475.jpg,塞壬唱片-MSR,32540734
2034454223,共振,100,https://p2.music.126.net/Nv9xBBbsAUuX1FQrD6DyYQ==/109951168504490475.jpg,塞壬唱片-MSR,32540734
2034455987,倾听,100,https://p2.music.126.net/Nv9xBBbsAUuX1FQrD6DyYQ==/109951168504490475.jpg,塞壬唱片-MSR,32540734
2034454221,离群悲歌,100,https://p1.music.126.net/Nv9xBBbsAUuX1FQrD6DyYQ==/109951168504490475.jpg,塞壬唱片-MSR,32540734
